<?xml version="1.0" encoding="UTF-8"?>
<project-private xmlns="http://www.netbeans.org/ns/project-private/1">
    <editor-bookmarks xmlns="http://www.netbeans.org/ns/editor-bookmarks/2" lastBookmarkId="0"/>
    <open-files xmlns="http://www.netbeans.org/ns/projectui-open-files/2">
        <group>
            <file>file:/C:/Users/takis75ts/Desktop/JavaFxTrial-20211226T141747Z-001/JavaFxTrial/src/javafxtrial/Paiktis.java</file>
            <file>file:/C:/Users/takis75ts/Desktop/JavaFxTrial-20211226T141747Z-001/JavaFxTrial/src/javafxtrial/Word.java</file>
            <file>file:/C:/Users/takis75ts/Desktop/JavaFxTrial-20211226T141747Z-001/JavaFxTrial/src/javafxtrial/JavaFxTrial.java</file>
            <file>file:/C:/Users/takis75ts/Desktop/JavaFxTrial-20211226T141747Z-001/JavaFxTrial/src/Words/Easy.txt</file>
            <file>file:/C:/Users/takis75ts/Desktop/JavaFxTrial-20211226T141747Z-001/JavaFxTrial/src/javafxtrial/WordPane.java</file>
            <file>file:/C:/Users/takis75ts/Desktop/JavaFxTrial-20211226T141747Z-001/JavaFxTrial/src/javafxtrial/StaticChecks.java</file>
        </group>
    </open-files>
</project-private>
